Model,Accuracy,Precision,Recall,F1_Score,TN,FP,FN,TP
Logistic Regression,0.5205,0.5259965337954939,0.5956820412168793,0.5586746433502071,434,547,412,607
SVM,0.5275,0.5335753176043557,0.577036310107949,0.5544554455445545,467,514,431,588
KNN,0.4805,0.49021526418786693,0.4916584887144259,0.49093581577658013,460,521,518,501
Decision Tree,0.496,0.5053449951409135,0.5103042198233563,0.5078125,472,509,499,520
