avg_altitude_m,max_altitude_m,min_altitude_m,altitude_range_m,altitude_std,Migration_Success
-0.3019958178405287,-0.3486696080756703,0.8233785922434986,-0.4301653682539781,-0.3002411704853648,1
-0.08183862398130631,0.26412956247818187,-0.5092003379942887,0.31173158961767966,-0.24330547903113978,1
-0.29645747547949663,-0.42646472994554613,0.2835284252998663,-0.43685688394830186,-0.3043496085900072,1
-0.25992544597453704,-0.42337120499093744,0.9044500743006726,-0.5105629355318185,-0.30738476571299705,1
-0.2750686892939467,-0.2681324981778459,0.0625952142632631,-0.26039300224700157,-0.4468614514172665,1
-0.2893387539731782,-0.4929403627769673,0.5914389879474776,-0.5374946298857056,-0.4005494533747056,1
