start_lat,start_lon,end_lat,end_lon,total_distance_km,displacement_km,route_tortuosity,max_dist_from_breeding_km,bearing_mean,bearing_std,Migration_Success
1.554331409943837,0.8504514270734355,1.03593724713702,-0.07352947264128373,-0.5428944262011531,-0.3565403736059687,-0.5150192526224003,-0.4109109830804894,-0.3868775231520362,-0.3642109734060648,1
1.6729428164408582,0.17694471218493338,0.8464125597460274,-0.3063055219357008,1.2046137510308415,-0.3963605092335711,1.234470007752352,-0.12732408264662726,-0.27126787151453674,0.06760885761370417,1
-0.5586198620959375,-0.08166917362612588,0.1470199300859407,-0.39565255287800655,-0.48444938239729435,-0.4796076505311316,0.387080200049615,-0.44412905596838403,-0.3400385333260329,1.317250659217317,1
-0.6115951342347418,-0.0736444707093647,0.1441031392132236,-0.4025656747303779,-0.49619255928046246,-0.47963767417221004,0.26091132837656833,-0.4439160735080392,-0.23798144955287995,-1.1114658580808137,1
3.6263423204654703,4.65003577616948,2.4073878584885766,0.5705681237859487,0.48275354131870446,0.02913304226241753,-0.3470789148318089,-0.1748874561966317,-0.2956679327667348,-1.3472045115648148,1
-0.5981084179436671,-0.12393280632478124,0.13538480809950812,-0.40494138474400254,-0.46223047241272375,-0.4813560319706856,0.9415685705828412,-0.4428767669586298,-0.23505621897179826,-1.1005778861051587,1
