avg_speed_ms,max_speed_ms,speed_std,heading_consistency,n_gps_fixes,fix_rate_per_day,Migration_Success
-0.9720173738849507,0.7215821547034779,-1.0078460056093528,1.0601895142071092,-0.5737075272072863,-2.0490371704297194,1
-0.4032550559587097,1.6371083607786012,-0.36207681953127746,0.53000176518723,2.2384644877463544,0.4850735543230181,1
-0.3064739479878112,-0.4475963335742767,-0.11640390161618298,1.3395629539812277,-0.4955475967628742,0.5981962980425682,1
-0.4162878574547432,-0.4812845273043137,-0.033536538141866044,0.7463937705062827,-0.5318851082852764,0.6051335850892011,1
-0.11977040774960124,1.2249234021993254,0.256291463881113,1.5292174116947548,0.20626344535257723,-1.9732876220293332,1
-0.2809120872334127,0.289580611577121,-0.13644307131107317,0.07692751925579196,-0.4835493618262319,0.6000492818118064,1
