avg_temperature,temp_std,min_temperature,max_temperature,avg_battery_v,min_battery_v,battery_depletion_rate,avg_horiz_accuracy,avg_time_to_fix,Migration_Success
2.761465821294624,1.1221142226346998,2.4038472764929013,1.7334369321056882,0.6825305716014196,1.0937915318315001,-0.745655787395315,2.366450131176728,2.53730917997358,1
-0.7868172446023101,0.9680142994765608,-1.3880622547890427,0.8791001584250275,-0.21679527867523068,-1.8362123233658203,-0.6067752191395782,-0.20937239425188717,-0.6046874071735643,1
-0.13394084212046523,-0.09151464691457377,0.20209335510338552,0.40446861749132723,0.5514443066093527,0.9136683440119927,-0.17311085268055573,-0.4635579063628764,-0.6146741356820263,1
-0.5997706499058193,-0.7433926521594221,-0.28718529409428467,-0.8295733889362937,0.3339718638969971,0.8536272814054902,0.05651732411430684,-0.1753923273248865,0.08435266585144971,1
1.9430318527578025,0.5306057862364248,1.4252899780975612,2.1131421648526487,0.5923978777496443,0.7455533687137857,-0.6497232651475823,0.1757444017156434,1.6279651127769486,1
-0.7312108441356312,-1.3379515448472306,-0.04254596949544959,-0.44986815618933346,0.15308857801843404,-0.04698865769204683,-0.7043719385407624,0.01937032405064807,0.20983295572752822,1
