duration_days,start_month,end_month,start_doy,end_doy,avg_daily_distance_km,movement_hour_mode,Migration_Success
-0.49672741012985394,-0.16746812848373258,-0.04416542964302121,-0.37406164181089846,-0.03293281351810766,-1.7047990679846794,-1.811519048224027,1
2.1445376281890316,-0.6489389978744641,-1.7371735659588383,-0.6778998155494911,-1.7706230326794339,-0.17172372157851476,0.2878770580511051,1
-0.5458876457016093,-0.16746812848373258,-0.04416542964302121,-0.13418939938569382,0.08959662501249867,0.12139503402716458,0.4493690662261152,1
-0.5806109917385464,0.7954736102977304,0.6330378248833056,0.6813762248600019,0.624270538600599,0.6501745615818204,0.2878770580511051,1
2.214346573624791,-0.6489389978744641,-1.7371735659588383,-0.8058316781762669,-1.7929011124122713,-1.0248332302494179,-1.811519048224027,1
-0.5345415109704466,0.7954736102977304,0.6330378248833056,0.8093080874867777,0.7579390169976241,0.47464697542883083,-1.650027040049017,1
